dates,stationid,temperature,humidity,pressure,rain,lightavgw/o0,lightmax,moisture
08-07-2018,t10,25.46875,82.1875,1036.346875,6.75,5.5,4000,0
09-07-2018,t10,26.19298,83.14912,1037.6043859649,1761.75,11.8448,4000,5.693
10-07-2018,t10,25.17021,85.34043,1037.8893617021,652.5,8.7692,4000,6.8511
11-07-2018,t10,24.29851,87.68657,1036.8574626866,963,8.8358,4000,6.0373
12-07-2018,t10,24.06923,87.64615,1027.8307692308,254.25,274.6232,4333,31.2385
13-07-2018,t10,21.20779,95.94805,1006.9246753247,339.75,14148.9787,54612,100
15-07-2018,t10,23.48571,96.17143,1006.5685714286,38.25,134.9,4000,93.2
18-07-2018,t10,21.79487,98.58974,1009.4153846154,29.25,659.8889,4000,5.7692
19-07-2018,t10,25.09346,88.3271,991.6541121495,4.5,2168.3333,6295,4.2897
20-07-2018,t10,25.39423,90.43269,1009.6576923077,112.5,2082.371,5489,3.6154
21-07-2018,t10,23.89076,94.53782,1009.2680672269,735.75,6359.0779,54612,3.7647
22-07-2018,t10,22.5098,99,1009.7960784314,607.5,7163.6962,54612,4.0294
23-07-2018,t10,22.904,98,1009.8952,717.75,1356.7432,6495,3.832
24-07-2018,t10,21.72464,99,996.2891304348,513,831.3889,4000,3.0435
25-07-2018,t10,23.18182,98.9697,800,195.75,12035.2787,54612,3
26-07-2018,t10,21.24272,99,1009.2058252427,474.75,589.8983,4000,3.0485
27-07-2018,t10,21.62791,99,1008.8945736434,409.5,859.5696,4000,3
28-07-2018,t10,20.90511,99,1008.8897810219,1161,944.5432,4000,3.1971
29-07-2018,t10,23.66667,97.80142,1009.3787234043,0,1817.5952,5536,2.0355
30-07-2018,t10,24.53077,92.9,1008.6584615385,0,1846.3902,4106,1.8
31-07-2018,t10,23.40714,98.97857,1007.9457142857,240.75,1477.2805,5002,1.7143
01-08-2018,t10,22.88652,98.68794,1008.9773049645,398.25,1529.0843,5347,1.1915
02-08-2018,t10,20,99,1009.3944444444,2.25,0,4000,1
05-08-2018,t10,20.32203,99,1009.6644067797,816.75,172.9355,4000,1.0508
06-08-2018,t10,20.0493,99,1009.0373239437,776.25,351.0875,4000,1
07-08-2018,t10,19.7234,99,1010.7468085106,681.75,547.5802,4000,1
08-08-2018,t10,22.33094,99,1012.1258992806,441,2752.6087,54612,1
09-08-2018,t10,23.47482,98.97122,1014.8323741007,423,48975.4779,54612,1.1655
10-08-2018,t10,22.88489,99,1012.835971223,108,3885.4691,10057,2
11-08-2018,t10,22.31915,99,1008.6120567376,76.5,4270.622,54612,2
12-08-2018,t10,22.09774,99,1005.8067669173,1341,2713.987,11745,1.7669
13-08-2018,t10,21.03053,99,1007.6755725191,1804.5,4562.3611,54612,1.0076
14-08-2018,t10,22.97842,99,1009.5050359712,0,4647.5375,13465,1.3741
15-08-2018,t10,24.23022,98.99281,1011.4158273381,0,5712.9375,14348,9.9928
16-08-2018,t10,23.65942,99,1014.0297101449,135,4237.6709,14418,20.1014
17-08-2018,t10,22.44203,99,1011.5108695652,38.25,2325.9114,7373,22.2754
18-08-2018,t10,22.00752,99,1010.5248120301,2171.25,10962.3108,54612,22.5564
19-08-2018,t10,23.34058,99,1009.8565217391,58.5,3927.7848,12786,23.2174
20-08-2018,t10,23.70423,99,1011.6394366197,742.5,7169.2593,54612,22.3732
21-08-2018,t10,21.26761,99,1012.2049295775,443.25,8072.9383,54612,23.4155
22-08-2018,t10,22.97826,99,1010.9347826087,774,3729.6923,11649,24.2754
23-08-2018,t10,21.94074,99,1010.3407407407,1167.75,1911.2338,7800,24.4
24-08-2018,t10,21.92199,99,1010.0553191489,1453.5,0,4000,22.3688
25-08-2018,t10,22.08759,99,1009.1445255474,630,979.026,3564,23.4526
26-08-2018,t10,22.76812,99,1009.5362318841,594,15494,15494,23.8478
27-08-2018,t10,24.48227,98.75887,1011.670212766,0,7555.4,54612,23.1631
28-08-2018,t10,24.6338,98.93662,1012.8690140845,38.25,5482.325,14212,22.2465
29-08-2018,t10,23.25532,99,1013.6829787234,65.25,4054,15848,21.5319
30-08-2018,t10,22.85315,99,1011.0440559441,546.75,3913.1728,11093,21.7483
31-08-2018,t10,22.52143,99,1011.6071428571,92.25,2844.4684,12538,23.4929
01-09-2018,t10,23.06015,99,1013.3526315789,900,2844.4684,12538,24.1053
02-09-2018,t10,20.86957,99,1013.1485507246,634.5,2844.4684,12538,24.4855
03-09-2018,t10,21.6015,99,1013.1323308271,29.25,2844.4684,12538,23.9173
04-09-2018,t10,22.55263,99,1013.8807017544,1091.25,2844.4684,12538,23.5439
05-09-2018,t10,22.83019,99,1013.0820754717,13.5,11935.8103,54612,23.6887
06-09-2018,t10,23.98473,98.89313,1013.1786259542,58.5,5152.8955,54612,23.9924
07-09-2018,t10,24.47253,97.46154,1015.7373626374,162,5152.8955,54612,24.7363
08-09-2018,t10,22.76336,99,1015.9175572519,4.5,5152.8955,54612,24.0534
09-09-2018,t10,23.05674,99,1016.9652482269,0,3384.0263,10515,23.2695
10-09-2018,t10,23.71901,98.95868,1017.5595041322,54,4214.8571,15859,21.2562
11-09-2018,t10,23.01724,99,1016.4801724138,157.5,4263.4459,11103,22.3879
12-09-2018,t10,22.29927,97.23358,1013.5445255474,87.75,4263.4459,11103,22.0438
13-09-2018,t10,21.42857,99,1013.3327731092,366.75,4263.4459,11103,22.6975
14-09-2018,t10,20.84211,98.14286,1015.9729323308,382.5,4263.4459,11103,21.8722
15-09-2018,t10,20.42857,99,1017.7614285714,0,4263.4459,11103,20.2214
16-09-2018,t10,22.45985,90.43796,1016.4430656934,0,4263.4459,11103,18.708
17-09-2018,t10,21.9021,90.54545,1015.4055944056,0,4263.4459,11103,16.3497
18-09-2018,t10,21.87857,91.54286,1015.5357142857,0,4263.4459,11103,14.9643
19-09-2018,t10,22.77372,88.33577,1015.6788321168,0,4263.4459,11103,13.927
20-09-2018,t10,23.32857,85.64286,1016.66,0,4263.4459,11103,12.5357
21-09-2018,t10,21.64286,99,1019.5192857143,589.5,4263.4459,11103,11.7714
22-09-2018,t10,17.65385,99,1020.4846153846,207,0,4000,2.6154
23-09-2018,t10,17.34,99,1018.4,281.25,3536.3333,54612,6.64
24-09-2018,t10,15.96992,99,1016.937593985,1215,4263.4459,11103,6.8647
25-09-2018,t10,20.80741,95.76296,1017.0577777778,2.25,4263.4459,11103,1.3926
26-09-2018,t10,22.37857,90.69286,1016.6342857143,0,4263.4459,11103,1.1929
27-09-2018,t10,21.76471,94.65441,1017.8286764706,0,33387.9143,54612,1.0368
28-09-2018,t10,19.97872,98.93617,1018.870212766,0,4414.1091,54612,1
29-09-2018,t10,21.92701,89.9635,1019.9386861314,0,4516.8451,11700,0.9927
30-09-2018,t10,21.86765,88.70588,1018.6205882353,0,4598.2676,10660,0.6103
01-10-2018,t10,21.7234,84.13475,1018.6680851064,0,4414.0417,11161,0.2553
02-10-2018,t10,21.58993,81.10072,1019.7899280576,0,5882.726,54612,0.1079
03-10-2018,t10,21.41135,80.76596,1019.0581560284,0,4351.6901,13652,0.0496
04-10-2018,t10,20.15603,80.41844,1020.6914893617,74.25,4351.6901,13652,3.3901
05-10-2018,t10,20.05072,76.53623,1021.8079710145,0,3697.3056,8477,10.3116
06-10-2018,t10,20.38129,70.5036,1020.6287769784,0,4351.6901,13652,9.5324
07-10-2018,t10,19.84173,76.4964,1019.9287769784,0,6855.3286,54612,8.9928
08-10-2018,t10,20.05882,78.66912,1018.4970588235,0,6855.3286,54612,6.6176
09-10-2018,t10,20.26812,72.2029,1018.7036231884,0,6855.3286,54612,0
10-10-2018,t10,20.77857,67.38571,1018.9942857143,24.75,6855.3286,54612,0.0929
11-10-2018,t10,17.71223,87.72662,1020.0294964029,315,6855.3286,54612,0.295
12-10-2018,t10,18.55714,82.97857,1021.2592857143,0,6855.3286,54612,0.3571
13-10-2018,t10,18.43662,82.66197,1020.9802816901,0,6855.3286,54612,0.007
14-10-2018,t10,18.40714,82.82857,1019.9971428571,0,6855.3286,54612,0.0071
15-10-2018,t10,18.36879,80.40426,1020.7460992908,0,6855.3286,54612,0.0213
16-10-2018,t10,18.99275,66.24638,1021.2,0,6855.3286,54612,0.0145
17-10-2018,t10,19.68613,50.19708,1019.9854014599,0,6855.3286,54612,0.0073
18-10-2018,t10,19.69286,53.86429,1019.6635714286,0,6855.3286,54612,0.0071
19-10-2018,t10,19.29078,50.82979,1020.8262411348,0,6855.3286,54612,0.0071
20-10-2018,t10,18.57971,56.76087,1022.7413043478,0,6855.3286,54612,0.0145
21-10-2018,t10,17.94245,69.70504,1023.0856115108,0,6855.3286,54612,0.0288
22-10-2018,t10,17.59712,62.07914,1021.2388489209,0,6855.3286,54612,0
23-10-2018,t10,17.73571,57.10714,1021.1585714286,0,19950.2388,54612,0.0071
24-10-2018,t10,16.46923,60.64615,1021.5992307692,0,26803.4211,54612,0.0154
25-10-2018,t10,17.33094,65.41727,1022.845323741,0,11408.3929,54612,0.0216
26-10-2018,t10,17.74101,67.42446,1024.5935251799,0,6779.3509,54612,0
27-10-2018,t10,17.48227,72.75177,1024.7737588652,0,4422.971,13652,0.0071
28-10-2018,t10,18.35714,72.72857,1024.4621428571,0,4209.4714,8582,0.0071
29-10-2018,t10,18.2695,76.35461,1023.5893617021,0,4217.0441,8616,0
30-10-2018,t10,18,84.66429,1023.2592857143,0,4217.0441,8616,0
31-10-2018,t10,18.97015,78.98507,1024.4350746269,0,4386.7419,8060,0
01-11-2018,t10,17.03101,94.0155,1023.0604651163,0,3020.8065,6569,0.0078
02-11-2018,t10,14.69369,90.10811,1022.2261261261,0,1718.1385,7842,2.8108
06-11-2018,t10,13.97872,89.46809,1020.3127659574,0,827.1875,4000,0.3191
07-11-2018,t10,15.8626,77.55725,1020.820610687,0,3020.8065,6569,0.4275
08-11-2018,t10,14.70079,82.61417,1021.8858267717,0,3020.8065,6569,0.3701
09-11-2018,t10,15.41085,81.10078,1020.0511627907,0,3020.8065,6569,0.0078
10-11-2018,t10,15.49612,83.48062,1020.8403100775,0,3020.8065,6569,0.0465
11-11-2018,t10,14.36585,83.86179,1021.8300813008,0,3020.8065,6569,0
12-11-2018,t10,16.03676,66.22794,1020.3066176471,0,3020.8065,6569,3.0147
13-11-2018,t10,13.28689,85.56557,1017.9983606557,0,3020.8065,6569,3.5984
17-11-2018,t10,14.20635,88.1746,1017.2063492063,0,1282.0667,4000,0.0476
18-11-2018,t10,15.1875,79.20139,1019.6479166667,0,3020.8065,6569,0.3403
19-11-2018,t10,16.27972,76.74126,1022.9587412587,0,3020.8065,6569,0.007
20-11-2018,t10,15.46479,80.73944,1023.1521126761,0,3020.8065,6569,0.2958
21-11-2018,t10,15.41791,80.20149,1022.4149253731,0,3020.8065,6569,0.3284
22-11-2018,t10,14.34752,86.14184,1023.095035461,0,3020.8065,6569,0.1135
23-11-2018,t10,14.60839,82.06993,1024.9566433566,0,3020.8065,6569,0.014
24-11-2018,t10,15.74648,78.28873,1022.3725352113,0,3020.8065,6569,0.007
25-11-2018,t10,17.17647,69.68627,1022.4176470588,0,3020.8065,6569,0
05-07-2018,t11,22.05,83.65,894.634,0,0,4000,0.05
06-07-2018,t11,26.86029,64.97059,894.0100735294,0,24.9873,4000,0.0882
07-07-2018,t11,29.31304,62.42609,893.8089565217,0,31.5125,4000,0.8
08-07-2018,t11,23.53846,61.92308,789.3926923077,3,1,4000,1
09-07-2018,t11,26.8494,61.10241,812.4557228916,15,20.4167,4000,1
10-07-2018,t11,27.88806,75.07463,893.6775373134,13583.25,21.1111,4000,1
11-07-2018,t11,27.35915,76.02113,948.4678873239,19768.5,2254.2024,54612,5.7746
12-07-2018,t11,28.24031,71.54264,1053.3995348837,0,1439.4375,12946,11.9147
13-07-2018,t11,25.5,78.40278,1044.1483333333,20.25,340.5581,4000,11.7569
14-07-2018,t11,28.3007,71.36364,1001.8588111888,0,1022.2414,4000,11.3147
15-07-2018,t11,29.09286,69.27143,1001.9047142857,13.5,785.2619,4000,9.0571
16-07-2018,t11,24.92308,85.0979,1002.9725174825,1260,2160.2771,12387,20.5664
17-07-2018,t11,26.52857,80.95714,1003.6074285714,324,6468.7558,28481,16.6
18-07-2018,t11,28.1223,73.86331,1003.9466906475,40.5,15445.631,54612,12.518
19-07-2018,t11,29.08271,71.09023,1003.4096240602,24.75,9803.7342,54612,10.4211
20-07-2018,t11,28.32867,74.71329,1002.8634965035,679.5,8401.25,52476,13.965
21-07-2018,t11,27.32168,76.97902,1002.6475524476,13.5,4155.9419,54585,11.7902
22-07-2018,t11,25.50649,84.90909,1003.3820779221,0,926.6444,4000,10.5714
27-07-2018,t11,25.00295,85.78909,1009.635339233,9,154.2815,4000,25.3304
28-07-2018,t11,23.76852,88.08333,1009.5210802469,130.5,0,4000,23.4444
01-08-2018,t11,26.6,75.4,1008.0486666667,24.75,10.5,4000,4.4667
05-08-2018,t11,24,91,1009.265,0,54612,54612,0
11-08-2018,t11,27.11321,82.71698,1006.7601886792,2.25,24.08,4000,0
12-08-2018,t11,25.80645,85.29032,1005.37,22.5,29.0435,4000,0
13-08-2018,t11,24.59375,88.02083,1007.3298958333,159.75,26.3864,4000,0
14-08-2018,t11,27.45882,77.25882,1008.7954117647,0,38.18,4000,0
15-08-2018,t11,27.95699,74.6129,1010.7940860215,0,33.3462,4000,0
16-08-2018,t11,27.61856,79.79381,1013.24,0,40.0612,4000,0
17-08-2018,t11,26.93333,80.74444,1010.7674444444,9,40.7111,4000,0
18-08-2018,t11,26.52577,84.52577,1010.0065979381,4.5,1066.8302,54612,0
19-08-2018,t11,27.70588,79.43697,1009.0321848739,0,47.0952,4000,0
20-08-2018,t11,27.48936,81.85106,1010.8653191489,4.5,46.4306,4000,0
21-08-2018,t11,24.12745,90.60784,1011.7700980392,24.75,11.5294,4000,0
22-08-2018,t11,26.81061,83.68939,1010.300530303,0,52.5574,4000,0
23-08-2018,t11,25.46479,90.16901,1009.8571126761,63,28.1644,4000,0
24-08-2018,t11,24.43836,90.41096,1009.3338356164,2.25,4.5,4000,0
25-08-2018,t11,23.08772,90.40351,1008.8433333333,58.5,5.25,4000,0
26-08-2018,t11,24.9863,84.78082,1008.984109589,9,35.7667,4000,0
27-08-2018,t11,26.84211,80.60526,1011.0331578947,0,10,4000,0
28-08-2018,t11,27.66981,78.91509,1012.1749056604,0,38.475,4000,0
29-08-2018,t11,27.60563,80.99296,1012.8342253521,20.25,45,4000,0
30-08-2018,t11,27.37755,79.88776,1010.8864285714,0,54.4032,4000,0
31-08-2018,t11,27.01053,83.14737,1010.7489473684,47.25,41.5735,4000,0
01-09-2018,t11,27.51969,79.58268,1012.7338582677,45,54.2239,4000,2
02-09-2018,t11,25.26667,88.57143,1012.8920952381,9,22.6269,4000,0.7048
03-09-2018,t11,25.45455,87.03788,1012.7250757576,6.75,26.3151,4000,1.8864
04-09-2018,t11,24.79167,86.79167,1012.8283333333,0,16.125,4000,1.2917
05-09-2018,t11,26.63415,80.08537,1012.7931707317,2.25,33.7586,4000,2.4268
06-09-2018,t11,26.56693,74.88189,1012.5954330709,0,39.4265,4000,3.6299
07-09-2018,t11,26.50667,75.45333,1014.4444,0,36.5641,4000,3.4667
08-09-2018,t11,25.9084,76.63359,1015.3435877863,0,53.9296,4000,3.2519
09-09-2018,t11,26.21429,81.82857,1016.4715714286,13.5,37.5758,4000,2.9
10-09-2018,t11,25.70667,80.53333,1017.5270666667,0,45.5789,4000,2.5733
11-09-2018,t11,22.91667,90.95833,1016.4479166667,0,0,4000,1
12-09-2018,t11,20.05882,91.70588,1013.9558823529,0,0,4000,2
13-09-2018,t11,22.88095,90.11905,1011.9395238095,9,15.6875,4000,2.4048
14-09-2018,t11,19.04,90.76,1014.0484,0,0,4000,2.04
15-09-2018,t11,25.30534,74.15267,1017.6895419847,0,52.5,4000,3.8168
16-09-2018,t11,24.23077,70.65035,1016.2322377622,0,52.5,4000,3.6713
17-09-2018,t11,23.28571,65.61039,1015.8812987013,0,46.5227,4000,4.2078
18-09-2018,t11,25.61386,63.61386,1015.5086138614,0,52.5,4000,4.3861
19-09-2018,t11,26.17284,58.2963,1015.9009876543,0,63.1607,4000,5.0741
20-09-2018,t11,21.75,60.43182,1015.7886363636,0,23,4000,3.5227
21-09-2018,t11,26.11957,66.26087,1018.8654347826,0,71.5,4000,4.8043
05-07-2018,t12,21,93.5,882.735,0,302,4000,2
09-07-2018,t12,25.55238,31,1000,1,1,4000,1
13-07-2018,t12,25.55238,31,1005.78,0,447.6,4000,27
16-07-2018,t12,25.55238,86.9619,1005.4980952381,47.25,8768.8228,54612,74.8762
17-07-2018,t12,24.55639,92.56391,1008.3060150376,1710,4488.9103,54612,90.0526
18-07-2018,t12,25.97674,88.37209,1008.6589147287,15459.75,4488.9103,54612,11.9225
19-07-2018,t12,27.4,84.14815,1008.0955555556,14001.75,4488.9103,54612,10.6
20-07-2018,t12,26.42958,90.66197,1007.4725352113,16571.25,4488.9103,54612,17.4507
21-07-2018,t12,25.27536,94.18116,1007.2826086957,1183.5,4488.9103,54612,15.1159
22-07-2018,t12,24.73611,96.68056,1007.7756944444,1962,4488.9103,54612,12.2431
23-07-2018,t12,24.39024,94.4065,1007.8528455285,1071,4488.9103,54612,11.2683
24-07-2018,t12,24.16197,97.66901,1008.6394366197,438.75,4488.9103,54612,11.7394
25-07-2018,t12,25.29323,94.84211,1006.5240601504,13666.5,4488.9103,54612,10.6391
26-07-2018,t12,22.19718,99,1007.2274647887,864,4488.9103,54612,10.3803
27-07-2018,t12,21.73239,98.95775,1007.2274647887,816.75,4488.9103,54612,9.0986
28-07-2018,t12,21.48571,99,1007.24,796.5,4488.9103,54612,8.6643
29-07-2018,t12,25.5,92.52817,1007.3126760563,2.25,4488.9103,54612,8.2606
30-07-2018,t12,25.83206,88.25954,1006.6213740458,0,4488.9103,54612,8
31-07-2018,t12,25.77465,91.26056,1005.9492957746,81,4488.9103,54612,7.6901
01-08-2018,t12,25.36691,91.17986,1006.671942446,191.25,4488.9103,54612,7.0935
02-08-2018,t12,25.68148,91.37778,1007.9955555556,76.5,4488.9103,54612,7.7778
03-08-2018,t12,26.77305,90.69504,1008.0127659574,6.75,4488.9103,54612,7.0426
04-08-2018,t12,22.89286,99,1007.2785714286,4.5,0,4000,7
11-08-2018,t12,24.70769,98.70769,1005.3769230769,0,4510.7541,54612,5
12-08-2018,t12,23.90278,98.23611,1003.9895833333,202.5,4488.9103,54612,5.1319
13-08-2018,t12,22.09929,99,991.6936170213,1611,4488.9103,54612,7.9362
14-08-2018,t12,24.96479,93.75352,1000.4056338028,0,4488.9103,54612,12.8732
15-08-2018,t12,25.11268,93.42958,1000.7725352113,0,4488.9103,54612,13.8944
16-08-2018,t12,25.47183,95.47183,1004.7302816901,56.25,4488.9103,54612,14
17-08-2018,t12,25.00709,95.50355,1009.4567375887,38.25,4488.9103,54612,13.4255
18-08-2018,t12,24.04965,98.95745,1008.5666666667,24.75,4488.9103,54612,13
19-08-2018,t12,25.90972,93.41667,1007.7423611111,0,4488.9103,54612,12.4167
20-08-2018,t12,25.58741,95.84615,1009.5118881119,92.25,4488.9103,54612,12.007
21-08-2018,t12,23.48571,98.89286,1010.2514285714,353.25,4488.9103,54612,10.7429
22-08-2018,t12,25.30496,96.91489,1008.7992907801,4.5,4488.9103,54612,9
23-08-2018,t12,23.52113,99,1008.4598591549,533.25,4488.9103,54612,9.2887
24-08-2018,t12,23.79433,98.41844,1008.1446808511,213.75,4488.9103,54612,9.1135
25-08-2018,t12,24.23077,95.67133,986.093006993,434.25,4488.9103,54612,8.8042
26-08-2018,t12,24.35211,96.46479,1007.5176056338,191.25,4488.9103,54612,8.6761
27-08-2018,t12,26.17857,93.72857,1009.5507142857,0,4488.9103,54612,8
28-08-2018,t12,26.40559,94.02797,1010.6692307692,0,4488.9103,54612,8
29-08-2018,t12,25.48592,96.12676,990.1154929577,202.5,4488.9103,54612,8.007
30-08-2018,t12,24.41667,98,1009.0791666667,67.5,4488.9103,54612,6.8264
31-08-2018,t12,23.72727,98.6993,1009.779020979,594,4488.9103,54612,7.3497
01-09-2018,t12,24.93056,96.49306,1011.3701388889,409.5,4488.9103,54612,6.8333
02-09-2018,t12,22.45775,99,1011.4211267606,139.5,4488.9103,54612,7.1056
03-09-2018,t12,23.14685,99,1011.4167832168,13.5,4488.9103,54612,6.9091
04-09-2018,t12,22.74265,98.26471,1019.4897058824,99,4488.9103,54612,6.9926
05-09-2018,t12,22.85211,98.97183,1011.276056338,13.5,4488.9103,54612,6.3028
06-09-2018,t12,23.97203,97.67832,1011.2013986014,2.25,4488.9103,54612,6
07-09-2018,t12,22.93571,95.49286,1013.7157142857,189,4488.9103,54612,6.1643
08-09-2018,t12,23.23239,96.33099,1014.0232394366,0,4488.9103,54612,6
09-09-2018,t12,23.87324,97.01408,1015.1408450704,333,4488.9103,54612,6.4577
10-09-2018,t12,24.34965,96.6993,1015.7594405594,33.75,4488.9103,54612,6.2587
11-09-2018,t12,22.8951,97.69231,1007.8097902098,468,4488.9103,54612,6.8811
12-09-2018,t12,23.48175,93.68613,987.0530656934,0,4488.9103,54612,6.0657
13-09-2018,t12,22.79861,97.5,1011.5159722222,222.75,4488.9103,54612,6.3333
14-09-2018,t12,21.51128,94.36842,1014.4210526316,6.75,4488.9103,54612,6.015
15-09-2018,t12,22.27465,95.66197,1016.2669014085,0,4488.9103,54612,6
16-09-2018,t12,22.44366,88.35211,1014.8957746479,0,4488.9103,54612,5.6127
17-09-2018,t12,22.02098,86.67133,1010.893986014,0,4488.9103,54612,5.007
18-09-2018,t12,22.1958,86.65035,1014.0832167832,0,4488.9103,54612,5
19-09-2018,t12,23.6383,82.44681,1013.9673758865,0,4488.9103,54612,5
20-09-2018,t12,24.30986,78.67606,1014.8908450704,0,4488.9103,54612,5
21-09-2018,t12,24.57343,85.91608,1017.4581818182,11.25,4488.9103,54612,5
22-09-2018,t12,17.58571,99,1018.9521428571,162,4488.9103,54612,5.6286
23-09-2018,t12,17.44681,99,999.7637588652,15.75,4488.9103,54612,6
24-09-2018,t12,15.93007,99,1015.9888111888,9,4488.9103,54612,6.0629
25-09-2018,t12,20.71831,88.71127,999.0835211268,4.5,4488.9103,54612,5.8028
26-09-2018,t12,22.65957,85.90071,1014.9808510638,2.25,4488.9103,54612,5.0567
27-09-2018,t12,22.1338,85.6338,1016.2873239437,4.5,4488.9103,54612,5
28-09-2018,t12,20.40972,91.5625,1017.7506944444,263.25,4488.9103,54612,5.6389
29-09-2018,t12,21.8169,86.06338,1018.6309859155,0,4488.9103,54612,5.8944
30-09-2018,t12,21.44444,86.74306,1017.3006944444,0,4488.9103,54612,5
01-10-2018,t12,21.67133,84,1010.2727272727,0,4488.9103,54612,5
02-10-2018,t12,21.08451,74.44366,1018.5330985915,0,4488.9103,54612,5
03-10-2018,t12,21.33566,72.51748,1010.7174825175,0,4488.9103,54612,5
04-10-2018,t12,21.16429,64.17857,1012.4764285714,0,4488.9103,54612,5
05-10-2018,t12,20.34722,67.93056,1012.6025694444,0,4488.9103,54612,5
06-10-2018,t12,19.65734,64.42657,1012.5293706294,0,4488.9103,54612,5
07-10-2018,t12,20.32867,68.13287,1018.9832167832,0,4488.9103,54612,4.2028
08-10-2018,t12,20.02113,74.8662,1017.5246478873,0,4488.9103,54612,4
09-10-2018,t12,20.69444,55.63889,1017.7743055556,0,4488.9103,54612,4
10-10-2018,t12,20.03521,50.77465,588.4661971831,6.75,4488.9103,54612,4
11-10-2018,t12,15.47887,83.57746,452.0978873239,0,4488.9103,54612,4
12-10-2018,t12,18.31469,81.73427,1020.4195804196,0,4488.9103,54612,4
13-10-2018,t12,18.125,81.32639,1013.9932638889,0,4488.9103,54612,4
14-10-2018,t12,18.04895,80.82517,1025.6090909091,0,4488.9103,54612,4
15-10-2018,t12,18.22378,74.1958,1005.0323076923,0,4488.9103,54612,4
16-10-2018,t12,18.56028,63.29787,1020.4893617021,0,4488.9103,54612,4
17-10-2018,t12,17.97222,58.71528,1019.1604166667,0,4488.9103,54612,4
18-10-2018,t12,19.30556,57.45139,1011.8069444444,0,4488.9103,54612,4
19-10-2018,t12,20,49.40972,1013.0208333333,0,4488.9103,54612,4
20-10-2018,t12,18.9375,53.94444,1014.925,0,4488.9103,54612,4
21-10-2018,t12,18.97887,52.02113,1021.6411971831,0,4488.9103,54612,3.5915
22-10-2018,t12,18.00699,53.74126,1020.6881118881,0,4488.9103,54612,3
23-10-2018,t12,17.38889,49.10417,1020.6666666667,0,4488.9103,54612,3
24-10-2018,t12,17.83036,53.67857,1021.3178571429,0,4488.9103,54612,3
25-10-2018,t12,17.35417,52.27083,1019.6175694444,0,4488.9103,54612,3
26-10-2018,t12,17.35915,55.43662,1024.0345070423,0,4488.9103,54612,3
27-10-2018,t12,12.57143,61.57143,1023.9,0,0,4000,3
31-10-2018,t12,16.02326,84.37209,1054.7511627907,0,771,4000,3.8372
01-11-2018,t12,16.26866,80.1194,1055.4395522388,0,4488.9103,54612,2.6269
02-11-2018,t12,13.21642,83.6194,1055.2917910448,0,4488.9103,54612,0.7015
03-11-2018,t12,11.27778,97.44444,1054.119047619,0,4488.9103,54612,0
04-11-2018,t12,14.16296,82.41481,1053.4577777778,0,4488.9103,54612,0.9926
05-11-2018,t12,15.00746,76.79851,1053.3156716418,0,4488.9103,54612,2.5373
06-11-2018,t12,14.85714,73.8797,1053.2180451128,0,4488.9103,54612,4.0526
07-11-2018,t12,14.6,69.61538,1053.4130769231,0,4488.9103,54612,5.1923
08-11-2018,t12,14.10526,77.25564,1054.6345864662,0,4488.9103,54612,5.3233
09-11-2018,t12,15.47727,70.69697,1052.6575757576,0,4488.9103,54612,5.6894
10-11-2018,t12,15.63359,71.32061,1053.5488549618,0,4488.9103,54612,5.8015
11-11-2018,t12,13.95522,64.8806,1054.7179104478,0,4488.9103,54612,5.291
12-11-2018,t12,17.06716,50.52985,1053.0567164179,0,4488.9103,54612,8.3134
13-11-2018,t12,14.44444,60.78519,1051.0111111111,0,4488.9103,54612,5.1407
14-11-2018,t12,14.08209,76.37313,1051.876119403,0,4488.9103,54612,2.5672
15-11-2018,t12,12.02239,82.50746,1054.952238806,0,4488.9103,54612,1.3881
16-11-2018,t12,13.43284,75.74627,1052.0537313433,0,4488.9103,54612,2.9851
17-11-2018,t12,13.05263,73.4812,1050.3105263158,0,4488.9103,54612,3.9323
18-11-2018,t12,14.18045,66.03759,1052.4157894737,0,4488.9103,54612,5.2932
19-11-2018,t12,15.30597,64.90299,1055.5835820896,0,4488.9103,54612,5.9851
20-11-2018,t12,15.15909,66.25,1055.8333333333,0,4488.9103,54612,5.6591
21-11-2018,t12,14.63492,59.45238,1055.3436507937,0,4488.9103,54612,7.0159
22-11-2018,t12,13.14286,68.75188,1056.0879699248,0,4488.9103,54612,6.3835
23-11-2018,t12,13.54478,62.60448,1057.8873134328,0,4488.9103,54612,6.9925
24-11-2018,t12,14.58015,54.17557,1055.0961832061,0,4488.9103,54612,9.3359
25-11-2018,t12,16.18557,51.61856,1055.1030927835,0,5282.8254,54612,9.701
09-07-2018,t13,31.375,56.41667,1010.450625,459,1154.4667,4089,0.0208
10-07-2018,t13,29.225,69.15,1008.4746666667,59982.75,11.3091,4000,0
11-07-2018,t13,29.00709,66.64539,1007.4061702128,80000,12.1923,4000,0
12-07-2018,t13,29.16541,66.48872,1006.605112782,75048.75,10.3143,4000,0
13-07-2018,t13,23.152,66.96,967.86592,158,235.1452,4000,7.304
14-07-2018,t13,26.75,64.76316,1008.3994736842,0,2.4103,4000,16.8158
19-07-2018,t13,27.92857,65.76316,1001.6341071429,126,629.7826,4000,31.2857
20-07-2018,t13,31.0438,66.76316,1002.4015328467,272.25,235.1452,4000,39.146
28-09-2018,t13,22.86957,62,1011.727826087,0,69.9167,4000,73.3913
29-09-2018,t13,22.27551,60.83673,1012.6613265306,0,42.4,4000,75.9388
30-09-2018,t13,22.60833,59.425,1011.2278333333,0,42.64,4000,70.1333
01-10-2018,t13,21.61029,58.71324,1011.3856617647,0,35.2712,4000,65.7868
02-10-2018,t13,21.38983,57.67797,1012.6353389831,0,47.1,4000,69.6864
18-10-2018,t13,20.38865,53.75546,1048.1971179039,0,0,4000,0
19-10-2018,t13,17.14286,59.66667,1048.8751587302,0,0,4000,0
20-10-2018,t13,16.56303,59.66387,1050.8716806723,0,0,4000,0
21-10-2018,t13,16.53383,57.93233,1051.6726315789,0,0,4000,0
22-10-2018,t13,13,61.03704,1053.2827777778,0,0,4000,0
29-10-2018,t13,26.7619,31.07143,1053.110952381,6.75,49.6905,4000,3.8095
31-10-2018,t13,19.55319,51.12766,1054.9455319149,0,19.7273,4000,5.7872
01-11-2018,t13,16.73881,54.74627,1055.168358209,0,75.4426,4000,6.1418
02-11-2018,t13,12.72727,66.02273,1055.4596969697,0,50.8571,4000,7.697
03-11-2018,t13,12.72727,34.26923,1054.4614615385,0,28.8333,4000,4.5154
04-11-2018,t13,12.72727,34.26923,1053.4503007519,0,111.8361,4000,5.6917
05-11-2018,t13,12.72727,34.26923,1053.1687313433,0,115.3167,4000,5.0448
06-11-2018,t13,12.72727,34.26923,1053.0209701493,0,66.0333,4000,5.0299
07-11-2018,t13,12.72727,34.26923,1053.2292537313,0,50.5082,4000,5.0299
08-11-2018,t13,12.72727,34.26923,1054.2796268657,0,70.6885,4000,5.2164
09-11-2018,t13,12.72727,34.26923,1052.3056818182,0,85.7833,4000,5.0758
10-11-2018,t13,12.72727,34.26923,1053.2242857143,0,79.9167,4000,5.1128
11-11-2018,t13,12.72727,34.26923,1054.5944776119,0,93.1695,4000,6.0522
12-11-2018,t13,12.72727,34.26923,1052.9678358209,0,123.3729,4000,5.7164
13-11-2018,t13,12.72727,34.26923,1051.0224626866,0,83.7797,4000,6.2388
14-11-2018,t13,12.72727,34.26923,1051.8271755725,0,111.4107,4000,5.9695
15-11-2018,t13,12.72727,34.26923,1054.9726086957,0,0,4000,6.1304
16-11-2018,t13,12.72727,34.26923,1051.8574015748,0,81.9643,4000,6.0315
17-11-2018,t13,12.72727,34.26923,1050.133030303,0,219.3966,7927,6.1818
18-11-2018,t13,12.72727,34.26923,1052.262406015,0,537.7586,27883,5.4887
19-11-2018,t13,12.72727,34.26923,1055.2909701493,0,662.431,33578,5.209
20-11-2018,t13,12.72727,34.26923,1056.5604545455,0,29.0714,4000,6.2273
21-11-2018,t13,12.72727,34.26923,1055.0472357724,0,1166.9492,35534,5.2358
22-11-2018,t13,12.72727,34.26923,1055.7667669173,0,1125.7119,31082,5.3383
23-11-2018,t13,12.72727,34.26923,1057.7113432836,0,1219.1034,35411,5.4328
24-11-2018,t13,12.72727,34.26923,1054.8652238806,0,1164.7241,35663,5.5746
25-11-2018,t13,12.72727,34.26923,1054.7393814433,0,993,32785,5.2887
05-07-2018,t14,23.90566,85.83019,899.1026415094,114.75,1458.9231,10031,17.5472
06-07-2018,t14,26.86709,67.31646,899.2087974684,80000,11.1951,4000,17.5127
07-07-2018,t14,27.77358,68.20755,898.545345912,80000,11.6707,4000,19.5975
08-07-2018,t14,29.45283,69.15094,897.8472327044,80000,10.575,4000,18.1258
09-07-2018,t14,29.23529,68.10084,899.0304201681,80000,20.84,4000,14.3361
11-07-2018,t14,19.88462,75.07692,1004.9957692308,38.25,36428,54612,13.3077
12-07-2018,t14,24.64407,93.33898,1005.6623728814,2.25,7883.4483,54612,17.6949
13-07-2018,t14,25.53226,90.06452,1006.2009677419,0,1898.7297,4782,100
14-07-2018,t14,26.88811,83.0979,1005.9893706294,0,10565.3523,54612,100
15-07-2018,t14,24.12903,93.87097,1007.160483871,0,4853.2581,22614,100
19-07-2018,t14,28.40323,85.33871,1006.3332258065,6.75,3109.1471,8377,52.5161
20-07-2018,t14,25.53333,93.85926,1007.132,621,10.575,4000,67.0296
21-07-2018,t14,25.33571,95.82143,1006.9395714286,4.5,10.575,4000,68.3786
22-07-2018,t14,24.52143,97.67857,1007.4393571429,63,10.575,4000,66.8071
23-07-2018,t14,25.18182,95.22727,1007.4113636364,2.25,10.575,4000,66
24-07-2018,t14,24.28148,97.85185,1008.3667407407,587.25,10.575,4000,67.7185
25-07-2018,t14,25.32353,95.41176,1006.2369852941,468,10.575,4000,67.3456
26-07-2018,t14,22.95556,99,1007.2571851852,1111.5,10.575,4000,68.6074
27-07-2018,t14,22.57798,98.79817,1007.3574311927,778.5,12.6769,4000,68.3394
28-07-2018,t14,22.29661,99,1007.4926271186,987.75,12.6769,4000,68.322
29-07-2018,t14,25.82857,91.12143,1007.1221428571,6.75,10.575,4000,66.9643
30-07-2018,t14,25.87786,87.73282,1006.3945038168,0,10.575,4000,65.374
31-07-2018,t14,25.20863,91.51079,1005.8200719424,623.25,10.575,4000,65.7554
01-08-2018,t14,24.58993,94.13669,1006.4781294964,330.75,10.575,4000,67.2446
02-08-2018,t14,24.89362,93.97163,1007.6968085106,18,1886.241,8210,67.078
03-08-2018,t14,25.51748,95.86713,1007.6443356643,2.25,1633.5476,6844,66.0699
04-08-2018,t14,24.30882,99,1007.5597794118,119.25,839.9146,5866,65.0956
05-08-2018,t14,21.85185,99,1007.7566666667,1075.5,459.5625,4000,67.8444
06-08-2018,t14,21.62411,99,1007.5059574468,308.25,349.4691,4000,67.4255
07-08-2018,t14,21.08088,99,1009.1863970588,337.5,312.4474,4000,67.7353
08-08-2018,t14,23.79433,98.91489,1010.2821985816,2.25,951.1235,4000,66.539
09-08-2018,t14,24.8209,97.78358,1012.7270895522,1617.75,1155.72,7439,66.6493
10-08-2018,t14,24.26056,98.8662,1010.7085915493,0,1086.122,7382,65.662
11-08-2018,t14,23.8169,99,1006.5675352113,144,650.0122,2259,66.0704
12-08-2018,t14,23.49645,99,1003.9029078014,402.75,923.9744,6580,66.305
13-08-2018,t14,22.26241,99,1006.0582978723,2414.25,550.2453,4000,67.1986
14-08-2018,t14,24.87234,96.03546,1007.3509219858,11.25,1128.8354,4659,65.6312
15-08-2018,t14,24.48571,95.95,1009.2475714286,0,1160.2436,4723,65
16-08-2018,t14,25.6338,96.53521,1011.6414788732,67.5,4772.6625,54612,65.0423
17-08-2018,t14,24.82394,97.64789,1009.2752816901,0,1057.557,4000,64.4437
18-08-2018,t14,23.79286,99,1008.4535714286,92.25,1057.557,4000,64.5357
19-08-2018,t14,25.68345,95.53237,1007.4707194245,0,1057.557,4000,64.4604
20-08-2018,t14,25.06475,98.25899,1009.2638848921,220.5,1057.557,4000,64.5108
21-08-2018,t14,12.14815,52.06667,1010.168962963,1044,1057.557,4000,67.5185
22-08-2018,t14,15,31,1000.1193333333,0,1057.557,4000,65.55
23-08-2018,t14,18.52,79.2,789.3926923077,211.5,143.3125,4000,66.16
24-08-2018,t14,18,31,789.3926923077,285.75,1979.0571,4000,67.7368
25-08-2018,t14,18.47619,91.35714,789.3926923077,400.5,35.1429,4000,66.8333
26-08-2018,t14,21,95,789.3926923077,693,0,4000,67.7143
27-08-2018,t14,24.2973,99,981.8413513514,0,267.2273,4000,65.2432
28-08-2018,t14,27.81579,93.92105,797.7234210526,0,64.5,4000,64.7368
29-08-2018,t14,24.85,99,1010.227,0,465.0769,4000,64
30-08-2018,t14,26.95522,98.14925,1007.7647761194,18,589.2414,4000,64.0149
31-08-2018,t14,21.89189,99,789.3926923077,1426.5,1307.7174,4000,67.4324
01-09-2018,t14,25.51376,95.46789,908.8221100917,15.75,1057.557,4000,66.2752
02-09-2018,t14,23.5,99,1011.3094117647,87.75,589.2414,4000,67.8529
03-09-2018,t14,22.13158,99,1011.4042105263,2.25,0,4000,66
04-09-2018,t14,23.4,99,1010.9428571429,11.25,4,4000,66
05-09-2018,t14,22.61538,99,1011.1864102564,0,415.52,4000,65
06-09-2018,t14,22.48624,98.97248,686.7717431193,18,1221.5882,4000,65
07-09-2018,t14,21.03529,99,942.5096470588,209.25,1191.5714,4000,65.7294
08-09-2018,t14,21.96226,98.95283,842.2871698113,0,1357.3898,4000,65.717
09-09-2018,t14,20.88889,97.16667,827.5075925926,551.25,93.6667,4000,66.9074
10-09-2018,t14,22.65385,99,789.3926923077,13.5,0,4000,66.4615
11-09-2018,t14,20.94737,99,789.3926923077,0,0,4000,66.2105
12-09-2018,t14,20.59494,98.75949,789.3926923077,0,1400.28,4000,65.3038
13-09-2018,t14,20.13889,99,789.3926923077,344.25,35.1429,4000,66.8333
14-09-2018,t14,22.50485,94.62136,789.3926923077,2.25,1205.1739,4000,65.932
15-09-2018,t14,22.41176,99,789.3926923077,0,39,4000,65
16-09-2018,t14,25.85542,82.31325,789.3926923077,0,454.2593,4000,64
17-09-2018,t14,23.83333,99,789.3926923077,0,2619.8333,4000,64
05-07-2018,t15,24.92929,76.74545,907.0687878788,13.51,1207.8913,4000,0.1
06-07-2018,t15,25.78667,71.51333,900.4232,0,6.1515,4000,2
07-07-2018,t15,27.61111,71.68056,899.7149305556,0,6.1714,4000,2
08-07-2018,t15,25.5,71,789.3926923077,26,1,4000,1
09-07-2018,t15,24.59091,71,825.8940909091,42,1500.5,4000,7.4091
10-07-2018,t15,25.37736,96.0566,1008.3785849057,1140.75,11.561,4000,50.8302
11-07-2018,t15,25.85612,95.7554,1007.2384892086,0,13.1918,4000,43.0791
12-07-2018,t15,26.08333,95.40152,1006.4992424242,0,10.4848,4000,33.7197
13-07-2018,t15,24.54545,97.93388,1008.1304958678,0,531.8364,4000,55.562
14-07-2018,t15,25.93684,92.50526,1007.9649473684,0,561.6731,4000,100
19-07-2018,t15,28.53333,96.21667,1009.0841666667,0,1024.6,4000,8.1
20-07-2018,t15,25.94074,98.03704,1009.739037037,357.75,531.8364,4000,8.1704
21-07-2018,t15,25.5,98.87143,1009.62,0,531.8364,4000,10.5929
22-07-2018,t15,24.59854,99,1010.0562043796,31.5,531.8364,4000,10.8978
23-07-2018,t15,25.38806,98.76866,1010.0902985075,0,531.8364,4000,9.791
24-07-2018,t15,24.69767,99,1011.0535658915,308.25,531.8364,4000,27.8527
25-07-2018,t15,25.91262,98.78641,1008.9769902913,4.5,531.8364,4000,33.8447
27-07-2018,t15,22.21429,99,1009.98,18,0,4000,24.0238
28-07-2018,t15,21.72535,99,1010.195915493,774,531.8364,4000,20.4577
29-07-2018,t15,24.73239,98.85915,1009.9051408451,0,531.8364,4000,18.5282
30-07-2018,t15,24.88732,97.58451,1009.1121830986,0,5164.2794,54612,16.7042
31-07-2018,t15,24.12409,98.41606,1008.5403649635,483.75,5709.5802,54612,19.1387
01-08-2018,t15,24.25954,98.62595,1009.2413740458,427.5,9605.747,54612,23.5802
02-08-2018,t15,24.65493,97.73944,1010.4513380282,45,2429.7711,24066,22.4296
03-08-2018,t15,25.59859,98.6831,1010.4515492958,0,3290.9524,26980,19.831
04-08-2018,t15,24.39007,99,1010.275248227,105.75,1729.9639,12693,18.6525
05-08-2018,t15,22.03546,99,1010.3927659574,668.25,1021.321,4693,19.9433
06-08-2018,t15,21.89437,99,1010.1204225352,207,1093.5679,4000,20.1268
07-08-2018,t15,21.35,99,1011.9114285714,375.75,759.625,4000,19.7714
08-08-2018,t15,23.98592,99,1013.1288028169,2.25,1734.3659,6376,19.1268
09-08-2018,t15,24.66187,98.82014,1015.5177697842,1172.25,2337.925,18101,22.4748
10-08-2018,t15,24.30714,99,1013.5012142857,0,1536.225,4000,19.9357
11-08-2018,t15,23.94326,99,1009.3773758865,123.75,1189.5802,4000,18.8298
12-08-2018,t15,23.58741,99,1006.7227972028,427.5,1402.15,4000,18.2448
13-08-2018,t15,21.97826,99,1008.8779710145,1836,4154.9211,54612,23.4928
14-08-2018,t15,24.39437,98.21127,1010.2,0,1895.561,27934,21.1761
15-08-2018,t15,24.37589,97.55319,1012.1421985816,0,7508.5909,54612,19.8936
16-08-2018,t15,25.29496,98.35971,1014.4823021583,20.25,1412.0494,13037,19.2302
17-08-2018,t15,24.60993,98.74468,1012.0707801418,0,1665.0127,16673,18.2766
18-08-2018,t15,24.15493,99,1011.3198591549,22.5,1382.5432,11035,17.993
19-08-2018,t15,25.11972,98.01408,1010.3607042254,0,1796.35,26072,17.0845
20-08-2018,t15,25.0365,98.9708,1012.1400729927,15.75,1709.5455,9146,16.3066
21-08-2018,t15,23.19718,99,1013.034084507,562.5,1055.8246,4000,19.162
22-08-2018,t15,24.87143,98.85714,1011.3840714286,0,2677.3797,54612,18.7714
23-08-2018,t15,23.56738,99,1011.1973758865,1264.5,3471.5128,54612,20.8652
24-08-2018,t15,24.02113,98.96479,1010.9704929577,537.75,10222.8841,54612,22.6408
25-08-2018,t15,24.43165,97.94964,1009.9838848921,83.25,2482.5968,54612,21.3597
26-08-2018,t15,24.53676,97.69853,1010.4417647059,531,15146.6901,54612,22.4191
27-08-2018,t15,25.64789,96.69014,1012.2645774648,0,2482.5968,54612,21.3239
28-08-2018,t15,25.98582,96.8156,1013.3159574468,0,2482.5968,54612,19.773
29-08-2018,t15,25.73759,96.63121,1014.0910638298,49.5,2482.5968,54612,18.8156
30-08-2018,t15,24.38298,98.79433,1011.7830496454,0,2482.5968,54612,17.7234
31-08-2018,t15,22.61644,98.9726,1012.3616438356,1311.75,1361.8684,4000,19.5479
16-09-2018,t15,26.83051,84.05085,1016.6372881356,0,1120.8387,4000,14.1695
29-10-2018,t15,15.9375,93.21875,1025.0284375,0,96.6667,4000,3.8438
30-10-2018,t15,17.8866,86.65979,1025.7302061856,0,609.76,4000,4
31-10-2018,t15,17.29915,91.34188,1026.8447008547,0,624.25,4000,4
01-11-2018,t15,16.375,96.81944,1025.1779166667,0,582.9565,4000,4
02-11-2018,t15,13.36885,98.18852,1026.8125409836,119.25,417.0392,4000,4
03-11-2018,t15,11.475,99,1025.899,247.5,417.0392,4000,7.75
04-11-2018,t15,13.61739,97.83478,1024.7442608696,0,417.0392,4000,9.713
05-11-2018,t15,13.3913,97.40217,1023.5798913043,0,417.0392,4000,9
06-11-2018,t15,13.13953,94.69767,1023.488255814,0,417.0392,4000,8.3372
07-11-2018,t15,12.83486,92.15596,1023.9470642202,0,417.0392,4000,8
08-11-2018,t15,12.83168,92.0099,1024.7892079208,0,417.0392,4000,7.7525
09-11-2018,t15,12.81967,94.18033,1023.2505737705,0,417.0392,4000,7
10-11-2018,t15,12.96183,95.32824,1024.0205343511,0,417.0392,4000,6.9466
11-11-2018,t15,13.18627,94.64706,1025.4740196078,0,417.0392,4000,7
12-11-2018,t15,14.54955,91.81081,1024.0895495496,0,417.0392,4000,6.009
13-11-2018,t15,13.37097,93.01613,1022.4760483871,0,417.0392,4000,5.9919
14-11-2018,t15,12.58268,96.80315,1023.1314173228,454.5,417.0392,4000,6.0709
15-11-2018,t15,10.08511,98.78723,1026.1778723404,101.25,417.0392,4000,8.9574
16-11-2018,t15,7.6729,67.8972,1022.5554205607,0,417.0392,4000,8.1028
17-11-2018,t15,7.6729,67.8972,1020.8696428571,0,417.0392,4000,7.9286
18-11-2018,t15,7.6729,67.8972,1022.9562616822,0,417.0392,4000,7.9159
19-11-2018,t15,7.6729,67.8972,1026.06968,0,417.0392,4000,7.056
20-11-2018,t15,7.6729,67.8972,1026.2404166667,0,417.0392,4000,7
21-11-2018,t15,7.6729,67.8972,1025.5672897196,0,417.0392,4000,7
22-11-2018,t15,7.6729,67.8972,1026.2534615385,0,417.0392,4000,6.9327
23-11-2018,t15,7.6729,67.8972,1028.3161403509,0,417.0392,4000,7
24-11-2018,t15,7.6729,67.8972,1025.7702380952,0,417.0392,4000,6.2143
25-11-2018,t15,7.6729,67.8972,1025.5440217391,0,417.0392,4000,6
21-06-2018,t6,27.44737,82,1056.6368421053,4,0,4000,1
08-07-2018,t6,27.44737,82.55263,1056.6368421053,0,1052.3333,4000,27.7895
09-07-2018,t6,27.16429,90.05,1057.9230714286,119.25,22749.7333,54612,80.3571
10-07-2018,t6,26.17742,93.20968,1058.3742741935,283.5,23.25,4000,76.6371
11-07-2018,t6,25.22917,94.20139,1057.3047916667,1062,26.2683,4000,70.1111
12-07-2018,t6,25.81022,93.24088,1056.4289781022,11.25,23.9054,4000,78.0949
13-07-2018,t6,23.92361,97.74306,1057.6495833333,1554.75,13.6988,4000,63.3542
14-07-2018,t6,25.52778,93.59722,1057.1952777778,569.25,23.1013,4000,64.2847
15-07-2018,t6,26.25899,91.89209,1057.530647482,357.75,25.4167,4000,77.3669
16-07-2018,t6,24.50365,97.05109,1058.1001459854,1795.5,24.9565,4000,79.2263
17-07-2018,t6,24.65248,97.39716,1058.9417730496,382.5,15.3158,4000,71.1135
18-07-2018,t6,25.35915,95.17606,1059.3488732394,63,19.1795,4000,64.2324
19-07-2018,t6,26.60993,90.1773,1059.07,0,30.6795,4000,67.7092
20-07-2018,t6,24.16667,99,1059.2283333333,11.25,0,4000,66.8333
25-07-2018,t6,26.39286,93.33929,994.4021428571,353.25,40962,54612,46.8214
26-07-2018,t6,23.29927,99,995.5438686131,918,2033.0714,38409,45.6277
27-07-2018,t6,23.12143,98.90714,995.4987142857,677.25,2077.4405,7754,46.6143
28-07-2018,t6,22.68571,99,995.4635,1689.75,2031.9294,6921,48.5929
29-07-2018,t6,21.97059,99,995.7388235294,0,50,4000,46.4412
30-07-2018,t6,28.42222,79.02222,1004.5357777778,2.25,19799.3571,54612,36.3556
31-07-2018,t6,22.60714,99,1005.1346428571,4.5,371.3,4000,29.7143
03-08-2018,t6,26.33333,94.30556,1007.1816666667,2.25,1661.2632,8865,1.6389
04-08-2018,t6,24.2234,98.02128,1007.3403191489,42.75,1424.4211,16810,0
05-08-2018,t6,21.92222,99,1006.9665555556,90,380.2549,4000,0
06-08-2018,t6,21.3871,99,1006.6377419355,65.25,386.566,4000,0
07-08-2018,t6,21,99,1008.34,51.75,460.7407,4000,0
08-08-2018,t6,24.33333,97.0625,1009.7803125,24.75,2012.4182,17774,0
09-08-2018,t6,24.78652,97.03371,1012.471011236,22.5,2948.68,25988,0
10-08-2018,t6,24.94444,97.72222,1010.5653333333,0,1324.4038,5733,0
11-08-2018,t6,24.43956,98.82418,1006.3112087912,0,947.2157,6801,0
12-08-2018,t6,23.43956,99,1003.4576923077,128.25,844.549,10005,0
13-08-2018,t6,23.24719,99,1005.5080898876,141.75,1329.4314,4000,0
14-08-2018,t6,24.94681,95.67021,1007.2062765957,18,3894.6481,28942,0
15-08-2018,t6,24.87912,95.69231,1009.0871428571,0,2380.1132,27180,0
16-08-2018,t6,25.97849,95.88172,1011.6666666667,4.5,4204.0192,24556,0
17-08-2018,t6,24.5,98.59375,1009.205625,6.75,914.8704,5221,0
18-08-2018,t6,23.65591,98.97849,1008.2496774194,38.25,1419.3019,8951,0
19-08-2018,t6,25.95327,96.98131,1007.6742056075,0,2457.6471,21397,0
20-08-2018,t6,25.23404,98.07447,1009.3577659574,24.75,1313.1961,5988,0
21-08-2018,t6,23.34409,99,1010.0025806452,18,691.6538,4000,0
22-08-2018,t6,24.52632,98.45263,1008.6478947368,51.75,1296.5769,8700,0
23-08-2018,t6,23.31868,99,1008.0805494505,105.75,842.7407,8491,0
24-08-2018,t6,23.76842,98.87368,1007.8408421053,213.75,1994.3137,18514,0
25-08-2018,t6,24.36559,98.02151,1007.0570967742,4.5,1243.549,11864,0
26-08-2018,t6,24.63736,97.10989,1007.4482417582,11.25,1656.88,17127,0
27-08-2018,t6,25.0625,95.8125,1009.5347916667,0,1948.75,19430,0
28-08-2018,t6,25.24211,97.14737,1010.6173684211,2.25,1179.0189,5988,0
29-08-2018,t6,24.84783,98.11957,1011.4564130435,11.25,858,4256,0
30-08-2018,t6,24.32292,98.625,1008.9173958333,15.75,833.6415,4000,0
31-08-2018,t6,24.23077,98.21978,1009.5035164835,38.25,958.6939,4936,0
01-09-2018,t6,24.65217,97.69565,1011.1939130435,11.25,1241.52,6939,0
02-09-2018,t6,23.28421,99,1011.1567368421,9,631.2115,4000,0
03-09-2018,t6,23.19355,99,1011.1372043011,2.25,721.9796,4000,0
04-09-2018,t6,23.8,98.9,1011.7007777778,83.25,1029.7255,4000,0
05-09-2018,t6,24.61111,98.25556,1011.012,0,1302.7347,9440,0
06-09-2018,t6,25.29365,97.38095,1011.2018253968,0,1829.6479,21500,0
07-09-2018,t6,22.69444,98.90741,1013.3246296296,2.25,540.3673,4000,0
08-09-2018,t6,22.99038,97.16346,1013.8538461538,2.25,1090.56,4000,0
09-09-2018,t6,23.82105,98.31579,1014.9472631579,2.25,763.5098,4000,0
10-09-2018,t6,24.06383,98.52128,1015.5828723404,0,812.0816,4000,0
11-09-2018,t6,23.1236,98.95506,1014.5446067416,0,734.875,4000,0
12-09-2018,t6,22.03297,98.76923,1011.5728571429,4.5,577.3469,4000,0
13-09-2018,t6,21.80682,98.93182,1011.1152272727,0,726.2889,4000,0
14-09-2018,t6,20.90805,98.41379,1014.0259770115,4.5,914.5814,7233,0
15-09-2018,t6,21.61458,98,1016.0275,0,822.0192,4000,0
16-09-2018,t6,20.88043,97.46739,1014.5645652174,4.5,808.7959,7847,0
17-09-2018,t6,20.43617,97.3617,1013.5424468085,0,762.0196,7555,0
18-09-2018,t6,20.26042,97.97917,1013.6154166667,0,943.4151,7139,0
19-09-2018,t6,20.64516,96.88172,1013.6715053763,0,744.52,12209,0
20-09-2018,t6,21.03371,96.83146,1014.6747191011,0,692.1522,5862,0
21-09-2018,t6,22.61702,97.98936,1017.5408510638,0,924.2041,3009,0
22-09-2018,t6,18.7033,99,1018.442967033,0,160.1136,4000,0
23-09-2018,t6,18.3871,99,1017.0465591398,2.25,243.1111,4000,0
24-09-2018,t6,17.27473,99,1015.3606593407,0,172.8409,4000,0
25-09-2018,t6,19.14894,99,1015.18,0,671.551,5726,0
26-09-2018,t6,19.90323,98.88172,1014.6817204301,0,482.375,4000,0
27-09-2018,t6,20.76667,98.83333,1015.9493333333,0,776.5652,6278,0
28-09-2018,t6,20.3913,98.94565,1017.2182608696,0,563.0435,4000,0
29-09-2018,t6,19.75269,98.16129,1018.263655914,0,521.5745,4000,0
30-09-2018,t6,19.46739,98.56522,1016.8931521739,2.25,478.7391,4000,0
01-10-2018,t6,18.95556,96.64444,1016.9502222222,0,531.4894,7544,0
02-10-2018,t6,18.81915,93.12766,1018.1119148936,0,551.2609,5298,0
03-10-2018,t6,18.51579,93.93684,1017.3878947368,4.5,552.9787,4000,0
04-10-2018,t6,18.1087,86.59783,1019.1440217391,2.25,523.9565,4000,0
05-10-2018,t6,17.59341,85.53846,1020.3653846154,2.25,406.8298,4000,0
06-10-2018,t6,17.79775,82.65169,1019.1584269663,0,428.6429,4000,0
07-10-2018,t6,17.1383,87.26596,1018.4391489362,4.5,301.3617,4000,0
08-10-2018,t6,17.21053,91.73684,1016.9037894737,4.5,286.5417,4000,0
09-10-2018,t6,18.71579,78.95789,1017.1588421053,0,484.6444,4000,0
10-10-2018,t6,18.93548,73.74194,1017.5670967742,0,509.7778,4000,0
11-10-2018,t6,16.26596,94.04255,1018.6324468085,2.25,259.9302,4000,0
12-10-2018,t6,15.76344,94.82796,1019.7692473118,9,246.4222,4000,0
13-10-2018,t6,15.90323,94.03226,1019.4229032258,4.5,279.7174,4000,0
14-10-2018,t6,15.6875,95.35417,1018.5601041667,0,245.46,4000,0
15-10-2018,t6,15.88298,90.02128,1019.2060638298,0,240.087,4000,0
16-10-2018,t6,16.21505,78.68817,1019.6917204301,0,353.6087,4000,0
17-10-2018,t6,16.36667,74.43333,1018.5045555556,0,262.2889,4000,0
18-10-2018,t6,16.28125,78.19792,1018.2076041667,0,280.9574,4000,0
19-10-2018,t6,16.5,74.69565,1019.3913043478,0,317.6222,4000,0
20-10-2018,t6,15.76042,78.03125,1021.350625,0,269.4681,4000,0
21-10-2018,t6,15.46053,83.98684,1021.6372368421,0,297.6667,4000,0
22-10-2018,t6,12.78261,31,1015,0,0,4000,10.3043
13-11-2018,t6,15.51923,85.05769,1016.9103846154,2.25,444.44,4000,0
14-11-2018,t6,12.64894,94.52128,1017.4991489362,36,309.55,4000,0
15-11-2018,t6,10.74747,98.9899,1020.3860606061,9,255.7442,4000,0
16-11-2018,t6,11.40777,97.05825,1017.8751456311,0,194.4889,4000,0
17-11-2018,t6,11.42708,97.78125,1016.2121875,0,218.2727,4000,0
18-11-2018,t6,12.69072,88.42268,1018.2711340206,0,191.1,4000,0
19-11-2018,t6,12.41176,89.05882,1020.04,0,0,4000,0
28-06-2018,t7,24,90,1066.85,0,137.5,4000,0
29-06-2018,t7,24.72642,84.65094,1066.8575471698,0,137.4,4000,0
10-07-2018,t7,22.07843,60.78431,794.607254902,3930.5,59.5,4000,1
11-07-2018,t7,26.05594,83.47552,1012.8233566434,36636.75,164.1034,4000,1
12-07-2018,t7,26.2971,81.17391,1004.6934782609,40789,146.0476,4000,1
13-07-2018,t7,16.80556,66.05556,732.2822222222,637.5,21.6711,4000,1
15-07-2018,t7,25.16667,83.92593,1011.715,2470.5,7651.3077,54612,9.8704
18-07-2018,t7,21.52,99,1014.65,0,0,4000,3
19-07-2018,t7,24.21127,95.07042,1014.4220422535,63256.5,5680.7159,37670,2.9859
20-07-2018,t7,23.71329,97.09091,1013.5852447552,54616.5,4898.314,23204,2.993
21-07-2018,t7,23.1831,98.71127,1013.3435211268,50172.75,3444.4943,10791,2.9859
25-07-2018,t7,24.39,99.72,950.606,0,47.4,4000,97.8
28-07-2018,t7,20.95652,99,1013.7465217391,11.25,338.7895,4000,46.8261
29-07-2018,t7,22.84375,99,1013.381875,580.5,1502.9385,6337,47.8854
30-07-2018,t7,25.40816,98.2449,1012.15,22.5,545.2727,4000,47.7959
31-07-2018,t7,21.14103,99,1012.128974359,0,151.7273,4000,48
01-08-2018,t7,23.0219,99,1012.6522627737,0,1425.747,5135,48.3869
02-08-2018,t7,24.29371,98.96503,1014.1794405594,0,1710.6,4991,49
03-08-2018,t7,23.34266,99,1014.2356643357,0,894.9881,4000,49.2727
04-08-2018,t7,22.13986,99,1013.8925874126,0,670.9146,4000,50
05-08-2018,t7,19.88732,99,1013.4894366197,0,234.8025,4000,49.8451
06-08-2018,t7,19.52113,99,1013.1375352113,0,296.9512,4000,49.993
07-08-2018,t7,19.14184,99,1014.8387234043,0,327.0741,4000,50
08-08-2018,t7,23.07801,99,1016.4121276596,0,1159.5488,4701,49.9929
09-08-2018,t7,23.62143,99,1019.1142142857,0,1271.4512,4658,49.4571
10-08-2018,t7,23.48936,99,1017.1543262411,0,843.3537,4000,49
11-08-2018,t7,22.96429,99,1012.8947142857,0,652.679,4000,49
12-08-2018,t7,21.82979,99,1010.1045390071,0,495.3947,4000,49
13-08-2018,t7,21.46809,99,1011.9769503546,0,732.5789,4000,48.3121
14-08-2018,t7,23.59155,99,1013.8033802817,0,1265.1829,4079,48
15-08-2018,t7,23.85315,99,1015.7362237762,0,906.2317,4000,48
16-08-2018,t7,24.7972,99,1018.301958042,0,1218.5926,4000,48
17-08-2018,t7,22.93706,99,1015.8090909091,0,490.284,4000,48
18-08-2018,t7,22.27273,99,1014.8813286713,0,597.9383,4000,48.7832
19-08-2018,t7,23.97887,99,1014.1763380282,0,667.561,4000,48.5141
20-08-2018,t7,24.13986,99,1015.9947552448,0,732.2152,4000,48.1608
21-08-2018,t7,21.84746,99,1016.6433898305,0,254.8625,4000,48.9915
22-08-2018,t7,23.48227,99,1015.2809219858,0,673.4416,4000,49
23-08-2018,t7,21.92188,99,1014.651484375,0,267.3974,4000,48.9922
25-08-2018,t7,21.7381,99,1004.1669047619,0,245.0833,4000,52.1667
26-08-2018,t7,23.40625,99,1003.7805208333,0,695.8689,4000,51.6354
28-08-2018,t7,25.59155,99,1007.6809859155,951.75,2069.2791,5620,54
29-08-2018,t7,22.91176,99,1008.1623529412,281.25,813.88,4000,53.875
30-08-2018,t7,23.07407,99,1005.6774814815,684,1314.6579,5862,53.4741
31-08-2018,t7,22.49254,99,1006.292761194,463.5,1034.2778,4000,53.1119
01-09-2018,t7,23.13235,99,1007.9526470588,420.75,1053.5333,4000,53.2941
02-09-2018,t7,21.43636,99,1007.7725454545,119.25,654.0606,4000,53
20-09-2018,t7,24.70455,96.13636,1012.6020454545,0,151,4000,51.9091
21-09-2018,t7,23.84615,96.05594,1014.2702097902,1329.75,624.8442,4000,53
22-09-2018,t7,17.39716,99,1014.8518439716,0,624.8442,4000,52.6383
23-09-2018,t7,17.04196,99,1013.2671328671,0,624.8442,4000,52
24-09-2018,t7,15.6993,99,1011.5551748252,0,624.8442,4000,51.9231
25-09-2018,t7,22.04225,95.30282,1011.7776760563,173.25,624.8442,4000,52
26-09-2018,t7,23.72727,90.46154,1011.4785314685,211.5,624.8442,4000,51.2867
27-09-2018,t7,17.01852,99,1011.772037037,45,368.85,4000,52.3519
28-09-2018,t7,18.69697,99,1014.2315151515,0,1,4000,0
29-09-2018,t7,17.81111,99,1014.4527777778,51.75,498.625,4000,0.0667
30-09-2018,t7,17.03175,98.98413,1013.5355555556,173.25,618.5517,4000,0
08-11-2018,t7,23,63.2,1079.162,0,53,4000,0
29-06-2018,t8,25.66667,82.66667,990,0,350,4000,0
10-07-2018,t8,13,31,992.6545833333,0,14451.2727,39305,24.9792
11-07-2018,t8,15,51,1010.3566666667,1300.5,0,4000,0
12-07-2018,t8,18.33333,77.25,999.7183333333,0,15609.4286,54612,64
15-07-2018,t8,22.9375,79.04688,990,326.25,6425.2195,21435,77.9063
18-07-2018,t8,21.54286,95.6,984.0891428571,54,758.2222,4000,84.8
19-07-2018,t8,25.47887,85.52817,1015.2747183099,37928.25,4017.125,12938,92.6549
20-07-2018,t8,24.68531,90.43357,1014.6746853147,26178.75,3090.8721,12038,80.1678
21-07-2018,t8,23.86713,95.11888,1014.6778321678,114.75,2155.3256,13044,76.3007
22-07-2018,t8,22.76761,98.40845,1015.5286619718,3138.75,1369.5977,6499,56.0352
23-07-2018,t8,24.36207,91.47414,1015.43,3449.25,2361.3023,11920,60.8448
24-07-2018,t8,22.31325,99,1016.528313253,621,853.931,4000,15.1566
25-07-2018,t8,23.77083,95.53472,1014.7765972222,18884.25,1913.2674,6570,8.0903
26-07-2018,t8,21.58779,99,1015.544351145,1818,539.1781,4000,20.2366
27-07-2018,t8,21.59028,98.99306,1015.6640277778,783,916.6163,4000,34.0972
28-07-2018,t8,22,99,1016.2404938272,9765,1058.9091,4000,47.8642
30-07-2018,t8,24.83333,82.45455,1014.2768181818,2.25,711.95,4000,69
31-07-2018,t8,24.32394,91.50704,1014.9179577465,18976.5,2779.3214,10505,57.7324
01-08-2018,t8,24.65041,84.87805,1015.5138211382,30393,2983.2471,4000,23.6911
03-08-2018,t8,26.375,89.625,1005.27375,0,738.5,4000,90.125
04-08-2018,t8,22.4023,97.87356,1006.3251724138,949.5,1160.1818,6056,89.8276
05-08-2018,t8,20.39326,99,1006.2658426966,99,337.8113,4000,90
06-08-2018,t8,19.7,99,1006.1043333333,0,252.625,4000,75.65
07-08-2018,t8,19.35484,99,1007.9798924731,0,497.2037,4000,73.4086
08-08-2018,t8,23.23077,93.87912,1009.3791208791,2814.75,2023.5472,6374,57.3846
09-08-2018,t8,22.63043,93.58696,1011.9754347826,0,2865.2632,8276,0
10-08-2018,t8,21.36364,99,1011.3536363636,0,634.6667,4000,0
12-08-2018,t8,22.11111,98.77778,1001.9166666667,0,452,4000,0
13-08-2018,t8,23.84783,98.76087,1005.2819565217,0,1681.3333,4223,0
14-08-2018,t8,24.48438,91.51563,1005.84921875,0,2543.8478,8342,0
25-08-2018,t8,22.73438,99,997.80171875,9,1208.0571,4000,93.7969
26-08-2018,t8,23.73381,92.84892,1008.1257553957,438.75,2874,8223,96.2518
27-08-2018,t8,25.52482,84.83688,1010.2879432624,1559.25,4047.358,9098,96.7943
28-08-2018,t8,25.34043,87.46099,1011.4612056738,1039.5,3923.5897,9965,96.9149
29-08-2018,t8,23.77305,95.33333,1012.3292198582,405,2618.3671,8942,96.9929
30-08-2018,t8,23.67626,96.64748,1009.8183453237,582.75,2605.4875,8499,96.9856
31-08-2018,t8,23.00741,95.22222,1010.5239259259,83.25,2377.5733,8316,96.9407
01-09-2018,t8,23.68382,97.98529,1012.2523529412,234,2548.3924,9162,97
02-09-2018,t8,21.70504,98.96403,1012.2527338129,15.75,1317.2949,4573,97
03-09-2018,t8,22.13571,98.55,1012.2766428571,18,1631.5769,6634,97
04-09-2018,t8,22.66906,96.82014,1012.8994244604,666,2830.8608,10007,97
05-09-2018,t8,23.22857,98.28571,1012.1287857143,625.5,2704.7632,8130,97
06-09-2018,t8,25.02878,89.89209,1012.2551079137,1365.75,3691.28,9674,97
07-09-2018,t8,23.82482,89.64234,1014.576350365,1129.5,3652.6533,10290,97
08-09-2018,t8,23.13043,94.02899,1015.0034782609,587.25,2339.4156,7623,97
09-09-2018,t8,23.13571,96.58571,1016.0180714286,524.25,2594.3421,8320,97
10-09-2018,t8,23.26429,96.76429,1016.6715,317.25,2559.3289,8002,97
11-09-2018,t8,23.04412,97.01471,1015.6753676471,492.75,2665.5974,9579,97
12-09-2018,t8,22.80851,91.24113,1012.6973758865,920.25,3804.9342,9295,97.0142
13-09-2018,t8,21.6875,97.88281,1012.34515625,218.25,2474.32,9375,96.9609
14-09-2018,t8,22,86.6383,1015.2915602837,1158.75,3761.6184,9674,97.078
15-09-2018,t8,21.49296,93.75352,1017.0145070423,105.75,2837.5584,6415,97.1479
16-09-2018,t8,22.71831,82.35211,1015.8103521127,2022.75,4639.1067,7972,97.2465
17-09-2018,t8,22.67832,80.05594,1015.0170629371,2009.25,4662.859,8169,97.3287
18-09-2018,t8,21.31852,78.97037,1014.9394074074,25697.25,4779.3889,8310,90.8519
19-09-2018,t8,24.06429,77.7,1014.9697857143,80000,19131.8182,54612,89.1143
20-09-2018,t8,19.61654,62.57895,1015.9216541353,82037.25,22228.9403,54612,92.8947
21-09-2018,t8,23.11972,88.14789,1018.1178169014,56319.75,16847.5844,53604,84.3732
22-09-2018,t8,17.30496,99,1018.7622695035,438.75,1464.6267,4725,83.305
23-09-2018,t8,17.05674,99,1017.204751773,285.75,1916.8,9524,80.8723
24-09-2018,t8,16.06383,99,1015.4907092199,225,1375.8026,4000,78.1915
25-09-2018,t8,20.52857,89.9,1015.5762142857,71968.5,11115.2055,54612,76.5214
26-09-2018,t8,22.87943,81.44681,1015.2910638298,80000,19219.88,54612,74.4681
27-09-2018,t8,22.59712,85.61871,1016.0976978417,80000,21606.8533,54612,76.4101
28-09-2018,t8,21.0922,92.57447,1017.1256737589,50242.5,29345.32,54612,78.6383
29-09-2018,t8,21.95652,82.65942,1018.4206521739,80000,27873.9726,54612,81.8333
30-09-2018,t8,22.02878,81.56835,1017.1126618705,80000,29247.4521,54612,79.554
01-10-2018,t8,22.21583,71.4964,1017.5398561151,80000,24249.1644,54612,76.2086
02-10-2018,t8,22.17606,58.61972,1018.8668309859,80000,45463.9348,54612,77.0915
03-10-2018,t8,21.67626,59.14388,1018.0294244604,80000,24249.1644,54612,76.0432
04-10-2018,t8,20.97163,52.95745,1020.02,80000,23827.4583,54612,79.5106
05-10-2018,t8,20.97203,47.06294,1021.4177622378,80000,23827.4583,54612,82.1888
06-10-2018,t8,21.02817,46.29577,1020.1053521127,80000,23827.4583,54612,84.7324
07-10-2018,t8,20.53147,49.30769,1019.2623076923,80000,23827.4583,54612,87.1119
08-10-2018,t8,20.60839,57.76224,1017.3641258741,80000,23827.4583,54612,86.993
09-10-2018,t8,20.87234,50.57447,1017.8484397163,80000,23827.4583,54612,85.0071
10-10-2018,t8,20.63504,46.32117,1018.3903649635,80000,23827.4583,54612,84.6569
11-10-2018,t8,17.48921,70.2518,1018.7034532374,80000,23827.4583,54612,84.0791
12-10-2018,t8,18.20863,73.5036,1019.8884892086,80000,22372.662,54612,84.3597
13-10-2018,t8,18.17986,71.82734,1019.5269064748,80000,22372.662,54612,85.7338
14-10-2018,t8,18.48227,70.85816,1018.650141844,80000,22372.662,54612,87.1206
15-10-2018,t8,18.92308,61.07692,1019.6447552448,80000,21417.6986,54612,87.7483
16-10-2018,t8,19.38462,45.17483,1020.6104895105,80000,22063.5972,54612,87.2727
17-10-2018,t8,19.8227,39.35461,1019.7092198582,80000,22697.9014,54612,87.0071
18-10-2018,t8,19.69784,42.64748,1019.2414388489,80000,42831.321,54612,87.1079
19-10-2018,t8,19.47794,40.71324,1020.44,80000,29422.3239,54612,86.7574
20-10-2018,t8,18.59155,45.50704,1022.1900704225,80000,29422.3239,54612,86.7887
21-10-2018,t8,18.17143,49.1,1022.324,80000,29422.3239,54612,86.5857
22-10-2018,t8,17.7482,45.09353,1020.7258992806,80000,29422.3239,54612,87.0576
23-10-2018,t8,17.57447,40.21277,1020.8586524823,80000,29422.3239,54612,87.1773
24-10-2018,t8,16.78947,41.13534,1021.3518796992,80000,29422.3239,54612,87.1203
25-10-2018,t8,17.94326,44.31206,1022.309929078,80000,29422.3239,54612,87.1986
26-10-2018,t8,17.84397,49.30496,1023.6714893617,80000,29422.3239,54612,87.305
27-10-2018,t8,17.92958,51.1831,1023.8090140845,80000,29422.3239,54612,87.3592
28-10-2018,t8,18.33813,54.10791,1023.3287769784,80000,29422.3239,54612,87.5324
29-10-2018,t8,18.4539,60.25532,1022.3187234043,80000,29422.3239,54612,88.0709
30-10-2018,t8,17.95,80.03571,1021.5509285714,60675.75,43040.9275,54612,88.0143
31-10-2018,t8,18.59155,77.21127,1022.8722535211,76068,29422.3239,54612,88.1831
01-11-2018,t8,17.76596,86.99291,1021.2629078014,22250.25,29422.3239,54612,88.1064
02-11-2018,t8,15.01481,80.38519,1020.5078518519,1809,29422.3239,54612,88.7111
03-11-2018,t8,12.08511,98.73759,1018.6914893617,1226.25,29422.3239,54612,87.9858
04-11-2018,t8,13.21831,98.30986,1018.8036619718,2637,10648.1014,54612,86.8732
05-11-2018,t8,14.52817,84.00704,1019.2985915493,80000,22179.8143,54221,86.9366
06-11-2018,t8,15.15603,65.51064,1019.8036879433,80000,29422.3239,54612,87.4823
07-11-2018,t8,15.72535,68.6338,1019.838943662,80000,29422.3239,54612,88.1338
08-11-2018,t8,14.61972,80.19718,1020.6747183099,80000,29422.3239,54612,88.9366
09-11-2018,t8,15.4,83.33571,1018.7162142857,80000,29422.3239,54612,89.45
10-11-2018,t8,15.49645,84.83688,1019.5380851064,80000,29422.3239,54612,90.1773
11-11-2018,t8,15.27465,77.61268,1020.735915493,80000,29422.3239,54612,90.7535
12-11-2018,t8,16.43662,53.23944,1019.9050704225,37392.75,29422.3239,54612,90.6268
13-11-2018,t8,13.82014,74.97842,1016.9197122302,1964.25,29422.3239,54612,91.3165
14-11-2018,t8,12.98592,85.47887,1017.3891549296,49725,29422.3239,54612,91.2958
15-11-2018,t8,12.23404,96.35461,1019.805035461,80000,29422.3239,54612,90.922
16-11-2018,t8,13.71831,85.22535,1017.8352816901,80000,29422.3239,54612,91.5634
17-11-2018,t8,13.16312,87.5461,1016.1087943262,71154,29422.3239,54612,91.8652
18-11-2018,t8,15.2,66.54286,1018.7869285714,80000,29422.3239,54612,92.2714
19-11-2018,t8,16.14685,65.66434,1022.0727272727,80000,29422.3239,54612,92.7203
20-11-2018,t8,16.04255,68.88652,1022.1731205674,0,29422.3239,54612,92.8582
21-11-2018,t8,15.47518,69.60993,1021.4026950355,0,29422.3239,54612,93.078
22-11-2018,t8,14.65248,76.13475,1021.8890780142,0,29422.3239,54612,93.5035
23-11-2018,t8,14.95035,69.07092,1023.9233333333,0,29422.3239,54612,93.7589
24-11-2018,t8,16.34266,59.11888,1021.4782517483,0,29422.3239,54612,93.8392
25-11-2018,t8,17.05825,52.48544,1021.869223301,4.5,29842.5286,54612,94.0097
10-07-2018,t9,25,84,1015.1055555556,0,8,4000,0
12-07-2018,t9,15.26437,57.27586,927.4593103448,20.25,8729.0588,54612,21.4253
13-07-2018,t9,20.84615,97.94872,1013.8162820513,321.75,2874.8125,14237,57.1154
15-07-2018,t9,16.06122,31,1012.4528571429,2.25,808.8,4000,69.1429
16-07-2018,t9,13.5,57,1013.7866666667,688.5,0,4000,73.6667
18-07-2018,t9,21.83333,91.38095,1012.1026190476,6.75,309.4737,4000,55.881
19-07-2018,t9,25.81752,87.0292,1014.6774452555,2.25,5998.4471,26262,58.7737
20-07-2018,t9,25.86131,88.64234,1013.8281021898,60.75,3613.7558,18320,61.3723
21-07-2018,t9,24.77941,94.01471,1013.5486029412,765,3955.4824,54612,57.9191
22-07-2018,t9,24.28889,97.35556,1014.3434444444,1125,2316.5833,7104,61.1444
23-07-2018,t9,24.26866,93.75373,1014.1613432836,868.5,3842.9221,23290,61.7836
24-07-2018,t9,23,98.36232,1014.9251449275,1107,1623.4941,8200,64.4928
25-07-2018,t9,24.72993,95.37226,1012.8848175182,405,5050.4615,54612,64.6715
26-07-2018,t9,22.56604,99,1012.4467924528,731.25,178.6471,4000,64.1698
28-07-2018,t9,20.96552,92.08621,1013.7117241379,157.5,625,4000,64.8276
29-07-2018,t9,24.26573,91.81119,1013.7292307692,12854.25,1985.1395,5645,69.1329
30-07-2018,t9,25.44366,81.44366,1012.9497183099,34879.5,1984.8929,4582,72.2958
31-07-2018,t9,24.38806,92.06716,1012.31,4610.25,1009.1139,4000,72.1791
01-08-2018,t9,23.66423,91.75182,1012.8817518248,6210,1117.875,4000,68.1752
02-08-2018,t9,24.82014,91.48921,1014.3103597122,10557,1352.6265,4024,65.9424
03-08-2018,t9,24.78723,95.21986,1014.4231205674,794.25,996.9524,4000,68.5603
04-08-2018,t9,23.62963,98.68148,1014.0707407407,3451.5,585.5467,4000,68.7556
05-08-2018,t9,21.68571,99,1013.7182142857,1536.75,127.2949,4000,69.7857
06-08-2018,t9,21.11364,99,1013.4363636364,954,140.3714,4000,70.2273
07-08-2018,t9,21.15267,99,1015.1227480916,731.25,186.8056,4000,70.2824
08-08-2018,t9,23.83784,98.11712,1016.0865765766,3312,483.64,4000,69.2883
09-08-2018,t9,27.625,92.04167,1019.3483333333,18285.75,764.3684,4000,67.5833
10-08-2018,t9,22,99,1016.1033333333,18,0,4000,70
11-08-2018,t9,22.36585,99,1013.9829268293,1926,230.7857,4000,70.122
12-08-2018,t9,25.94118,97.64706,1010.6870588235,1818,555.1176,4000,71.4118
13-08-2018,t9,21.8,99,1012.6854285714,3613.5,281.4242,4000,70.9714
14-08-2018,t9,27.7,92.6,1012.891,2893.5,746.5,4000,68.4
15-08-2018,t9,25.43434,92.30303,1016.0890909091,23474.25,430.0536,4000,71.0606
16-08-2018,t9,25.02062,96.02062,1018.6177319588,14042.25,461.322,4000,71.5464
17-08-2018,t9,23.92929,98.51515,1015.744040404,243,153.5,4000,68.5859
18-08-2018,t9,21.32787,99,1015.307704918,373.5,103.4138,4000,67.3934
19-08-2018,t9,25.73684,97.42105,1014.6886842105,3647.25,451.6579,4000,68.3158
20-08-2018,t9,25.41905,97.5619,1016.4903809524,5877,337.4533,4000,67.2952
21-08-2018,t9,22.625,98.99038,1016.3813461538,47.25,155.2909,4000,68.3365
22-08-2018,t9,21.52381,99,1016.390952381,308.25,0,4000,67.9048
23-08-2018,t9,23.54839,99,1014.6277419355,936,175.1875,4000,67.5323
24-08-2018,t9,25.12644,97.63218,1014.3567816092,10062,175.1875,4000,66.8966
25-08-2018,t9,23.43846,98.57692,1013.6188461538,2029.5,10056.35,54612,67.6769
26-08-2018,t9,23.61446,97.38554,1014.3685542169,17997.75,10056.35,54612,67.0361
27-08-2018,t9,24.99248,93.83459,1016.0045864662,29517.75,7252.8592,54612,69.0226
28-08-2018,t9,25.49206,93.69048,1017.158015873,32514.75,483.64,4000,79.4127
29-08-2018,t9,24.17647,96.78992,1018.0560504202,13943.25,483.64,4000,98.5126
30-08-2018,t9,23.7482,98.23022,1015.4272661871,4212,483.64,4000,97.9784
31-08-2018,t9,24.34314,98.16667,1016.0640196078,4691.25,483.64,4000,97.3235
01-09-2018,t9,24.06061,97.45455,1017.5141414141,7519.5,508.4085,4000,97.5152
02-09-2018,t9,22.36364,99,1017.52,2.25,217.5,4000,94.1818
03-09-2018,t9,21.64706,99,1017.5405882353,0,429.5294,4000,95
04-09-2018,t9,24.82609,96.71739,1018.1030434783,11112.75,510.4507,4000,96.0326
05-09-2018,t9,23.83571,97.85,1017.401,2821.5,483.64,4000,96.5857
06-09-2018,t9,25.31387,92.86131,1017.4110948905,33941.25,483.64,4000,95.5839
07-09-2018,t9,17.66412,59.25954,1019.8951908397,43643.25,483.64,4000,99.6947
08-09-2018,t9,24.48936,89.48227,1020.2870212766,20664,483.64,4000,99.8582
09-09-2018,t9,24.55319,93.56028,1021.3424113475,11144.25,483.64,4000,100
10-09-2018,t9,23.57447,89.75177,1022.0192907801,18587.25,483.64,4000,100
11-09-2018,t9,20.56115,78.13669,1020.9757553957,18373.5,483.64,4000,99.1367
12-09-2018,t9,21.41304,74.28261,1017.6985869565,15646.5,590.766,4000,98.2935
13-09-2018,t9,21.31915,87.67376,1017.5407092199,12915,483.64,4000,100
14-09-2018,t9,23,84.88372,1020.3862015504,49916.25,483.64,4000,99.8217
15-09-2018,t9,17.74648,64.97183,1022.2598591549,24522.75,483.64,4000,100
16-09-2018,t9,24.36879,75.88652,1020.8275886525,75105,483.64,4000,100
17-09-2018,t9,24.12319,69.30435,1019.8104347826,73417.5,483.64,4000,100
18-09-2018,t9,23.87943,74.22695,1019.9035460993,70580.25,483.64,4000,100
19-09-2018,t9,24.56522,73.86232,1019.9710869565,78126.75,483.64,4000,100
20-09-2018,t9,24.00752,73.4812,1020.9378947368,56097,483.64,4000,76.9624
21-09-2018,t9,22.60177,81.61947,1023.9728318584,6061.5,6009.4464,30888,45.1504
22-09-2018,t9,17.79381,99,1024.6145360825,0,6009.4464,30888,43.9588
23-09-2018,t9,17.96364,99,1023.1492727273,661.5,6009.4464,30888,43.5455
24-09-2018,t9,16.9,99,1021.4769285714,1946.25,6009.4464,30888,41.25
25-09-2018,t9,21.77857,92.71429,1021.4154285714,38355.75,6009.4464,30888,42.8143
26-09-2018,t9,23.64029,84.03597,1021.0039568345,55509.75,6009.4464,30888,42.6259
27-09-2018,t9,22.96324,86.88971,1022.2105147059,43974,6009.4464,30888,42.5147
28-09-2018,t9,21.25735,92.72059,1023.3317647059,6747.75,6009.4464,30888,43.5809
29-09-2018,t9,23.05263,81.00752,1024.3993233083,54843.75,6009.4464,30888,45.391
30-09-2018,t9,23.08148,78.0963,1023.0239259259,59377.5,6009.4464,30888,46.2963
01-10-2018,t9,22.6963,67.08889,1023.0851851852,58320,6009.4464,30888,47.0148
02-10-2018,t9,23.03008,59.05263,1024.2269172932,60963.75,6009.4464,30888,47.4211
03-10-2018,t9,22.99248,60.44361,1023.445037594,63342,6009.4464,30888,47.797
04-10-2018,t9,21.75714,58.46429,1025.1702142857,67378.5,6009.4464,30888,48.1286
05-10-2018,t9,22.28777,51.56835,1026.2974100719,70929,6009.4464,30888,48.705
06-10-2018,t9,22.71942,45.53237,1025.1002877698,73158.75,6009.4464,30888,49.0072
07-10-2018,t9,22.00735,50.90441,1024.4358823529,71367.75,6009.4464,30888,49.2868
08-10-2018,t9,21.62319,58.73913,1022.8984782609,73838.25,6009.4464,30888,49.8043
09-10-2018,t9,22.24286,49.10714,1023.1647857143,46732.5,6009.4464,30888,50.2643
10-10-2018,t9,22.33577,47.94891,1023.608540146,48429,6009.4464,30888,50.9124
11-10-2018,t9,19.19424,70.53237,1024.5181294964,67830.75,6009.4464,30888,51.2518
12-10-2018,t9,19.78873,66.08451,1025.6354225352,75447,6009.4464,30888,51.4718
13-10-2018,t9,18.12057,54.14184,1025.34,74646,6009.4464,30888,51.5319
14-10-2018,t9,19.88571,64.58571,1024.3607142857,75402,6009.4464,30888,51.4286
15-10-2018,t9,20.05755,59.7554,1025.1133093525,75723.75,6009.4464,30888,51.5396
16-10-2018,t9,20.55,49.15,1025.6185714286,74254.5,6009.4464,30888,51.7857
17-10-2018,t9,22.11429,38.45,1024.4506428571,75201.75,6009.4464,30888,51.9071
18-10-2018,t9,21.65734,42.81119,1024.1212587413,77044.5,6009.4464,30888,52.0979
19-10-2018,t9,21.7234,40.88652,1025.3052482269,74472.75,6009.4464,30888,52.2128
20-10-2018,t9,20.45324,44.31655,1027.1999280576,77503.5,6009.4464,30888,52.4173
21-10-2018,t9,19.75524,50.54545,1027.4921678322,78180.75,6009.4464,30888,52.8671
22-10-2018,t9,19.49645,45.87943,1025.6116312057,79915.5,6009.4464,30888,53.1986
23-10-2018,t9,19.80142,40.90071,1025.5574468085,80583.75,6009.4464,30888,53.3617
24-10-2018,t9,16.35075,38.27612,1026.0253731343,80482.5,6009.4464,30888,53.4328
25-10-2018,t9,19.32394,48.47887,1027.2702112676,79337.25,6009.4464,30888,53.8873
26-10-2018,t9,19.47857,48.96429,1028.9877857143,79317,6009.4464,30888,54.0286
27-10-2018,t9,19.05147,53.32353,1029.1780147059,70823.25,6009.4464,30888,54.0735
28-10-2018,t9,20,53.16547,1028.844676259,75638.25,6009.4464,30888,54.223
29-10-2018,t9,20.32143,55.32143,1027.9704285714,73752.75,6009.4464,30888,54.2714
30-10-2018,t9,19.61429,65.72143,1027.6551428571,65893.5,6009.4464,30888,54.3857
31-10-2018,t9,20.63971,61.25,1028.8208823529,72774,6009.4464,30888,54.5147
01-11-2018,t9,19.05185,63.71111,1027.5578518519,7773.75,6009.4464,30888,54.8
02-11-2018,t9,15.84672,62.52555,1026.677080292,1095.75,6009.4464,30888,55.6934
03-11-2018,t9,13.67391,79.41304,1025.1998550725,2340,6009.4464,30888,57.0507
04-11-2018,t9,13.71127,76.48592,1025.3267605634,12037.5,6009.4464,30888,56.3521
05-11-2018,t9,16.32857,61.22143,1024.9735,79839,6009.4464,30888,54.9
06-11-2018,t9,16.90071,54.83688,1025.0878723404,78633,6009.4464,30888,54.8156
07-11-2018,t9,17.42958,56.38028,1025.2459859155,78779.25,6009.4464,30888,54.7887
08-11-2018,t9,16.46429,63.22857,1026.2914285714,76662,6009.4464,30888,54.7571
09-11-2018,t9,16.61268,63.25352,1024.4325352113,67252.5,6009.4464,30888,54.8099
10-11-2018,t9,17.02113,62.82394,1025.3468309859,74913.75,6009.4464,30888,54.9296
11-11-2018,t9,15.70213,57.56028,1026.4094326241,4869,16630.5588,54612,55.2057
12-11-2018,t9,17.97857,48.53571,1024.8889285714,41618.25,6647.8923,26949,55.6643
13-11-2018,t9,14.91489,57.02837,1022.7382978723,2427.75,5521.1231,47460,56.1631
14-11-2018,t9,15.5,65.21875,1023.104375,58443.75,5521.1231,47460,56.9141
15-11-2018,t9,13.7554,78.48201,1025.9235971223,74173.5,5521.1231,47460,53.5755
16-11-2018,t9,14.48936,68.92908,1023.5196453901,72445.5,5521.1231,47460,53.1277
17-11-2018,t9,14.19424,70.25899,1021.8385611511,65873.25,5521.1231,47460,53.8921
18-11-2018,t9,16.1844,56.48936,1024.0277304965,67675.5,5521.1231,47460,54.2908
19-11-2018,t9,13.16901,35.44366,1027.3611267606,61989.75,5521.1231,47460,54.2113
20-11-2018,t9,12.0922,34.20567,1027.5617730496,71237.25,5521.1231,47460,54.2624
21-11-2018,t9,16.65926,58.6963,1026.7974074074,73577.25,5521.1231,47460,54.4222
22-11-2018,t9,15.52482,63.16312,1027.495248227,65301.75,5521.1231,47460,54.5674
23-11-2018,t9,15.8156,59.21277,1029.3185106383,73534.5,5521.1231,47460,54.8794
24-11-2018,t9,16.58571,54.63571,1026.7763571429,72283.5,5521.1231,47460,55.0286
25-11-2018,t9,17.9,49.41,1026.7712,71799.75,5783.7581,47460,55.34
